ticker,cik,legal_name,country_name,country_iso3,currency_iso,reporting_currency,sector,industry,filer_type,fiscal_year_end,xbrl_taxonomy,valid_from
AAPL,0000320193,Apple Inc.,United States,USA,USD,USD,Technology,,10-K,09-26,us-gaap,2024-01-01
AZN,0000901832,AstraZeneca PLC,United Kingdom,GBR,GBP,USD,Healthcare,,20-F,12-31,ifrs-full,2024-01-01
BABA,0001577552,Alibaba Group Holding Ltd,China,CHN,CNY,CNY,Technology,,20-F,03-31,us-gaap,2024-01-01
INFY,0001067491,Infosys Ltd,India,IND,INR,USD,Technology,,20-F,03-31,ifrs-full,2024-01-01
JPM,0000019617,JPMorgan Chase & Co.,United States,USA,USD,USD,Financials,,10-K,12-31,us-gaap,2024-01-01
MSFT,0000789019,Microsoft Corporation,United States,USA,USD,USD,Technology,,10-K,06-30,us-gaap,2024-01-01
SHEL,0001306965,Shell plc,United Kingdom,GBR,GBP,USD,Energy,,20-F,12-31,ifrs-full,2024-01-01
TM,0001094517,Toyota Motor Corporation,Japan,JPN,JPY,JPY,Consumer Discretionary,,20-F,03-31,ifrs-full,2024-01-01
XOM,0000034088,Exxon Mobil Corporation,United States,USA,USD,USD,Energy,,10-K,12-31,us-gaap,2024-01-01
